fixtureId,kickoffAt,snapshots,usableT90Snapshots,earliestCapturedAt,latestCapturedAt,earliestMinutesFromKickoff,latestMinutesFromKickoff
629,2024-08-16T19:00:00.000Z,0,0,,,,
630,2024-08-17T11:30:00.000Z,0,0,,,,
631,2024-08-17T14:00:00.000Z,0,0,,,,
632,2024-08-17T14:00:00.000Z,0,0,,,,
633,2024-08-17T14:00:00.000Z,0,0,,,,
634,2024-08-17T14:00:00.000Z,0,0,,,,
635,2024-08-17T16:30:00.000Z,0,0,,,,
636,2024-08-18T13:00:00.000Z,0,0,,,,
637,2024-08-18T15:30:00.000Z,0,0,,,,
638,2024-08-19T19:00:00.000Z,0,0,,,,
639,2024-08-24T11:30:00.000Z,0,0,,,,
640,2024-08-24T14:00:00.000Z,0,0,,,,
641,2024-08-24T14:00:00.000Z,0,0,,,,
642,2024-08-24T14:00:00.000Z,0,0,,,,
643,2024-08-24T14:00:00.000Z,0,0,,,,
644,2024-08-24T14:00:00.000Z,0,0,,,,
645,2024-08-24T16:30:00.000Z,0,0,,,,
646,2024-08-25T13:00:00.000Z,0,0,,,,
647,2024-08-25T13:00:00.000Z,0,0,,,,
648,2024-08-25T15:30:00.000Z,0,0,,,,
649,2024-08-31T11:30:00.000Z,0,0,,,,
650,2024-08-31T14:00:00.000Z,0,0,,,,
651,2024-08-31T14:00:00.000Z,0,0,,,,
652,2024-08-31T14:00:00.000Z,0,0,,,,
653,2024-08-31T14:00:00.000Z,0,0,,,,
654,2024-08-31T14:00:00.000Z,0,0,,,,
655,2024-08-31T16:30:00.000Z,0,0,,,,
656,2024-09-01T12:30:00.000Z,0,0,,,,
657,2024-09-01T12:30:00.000Z,0,0,,,,
658,2024-09-01T15:00:00.000Z,0,0,,,,
659,2024-09-14T11:30:00.000Z,0,0,,,,
660,2024-09-14T14:00:00.000Z,0,0,,,,
661,2024-09-14T14:00:00.000Z,0,0,,,,
662,2024-09-14T14:00:00.000Z,0,0,,,,
663,2024-09-14T14:00:00.000Z,0,0,,,,
664,2024-09-14T14:00:00.000Z,0,0,,,,
665,2024-09-14T16:30:00.000Z,0,0,,,,
666,2024-09-14T19:00:00.000Z,0,0,,,,
667,2024-09-15T13:00:00.000Z,0,0,,,,
668,2024-09-15T15:30:00.000Z,0,0,,,,
669,2024-09-21T11:30:00.000Z,0,0,,,,
670,2024-09-21T14:00:00.000Z,0,0,,,,
671,2024-09-21T14:00:00.000Z,0,0,,,,
672,2024-09-21T14:00:00.000Z,0,0,,,,
673,2024-09-21T14:00:00.000Z,0,0,,,,
674,2024-09-21T14:00:00.000Z,0,0,,,,
675,2024-09-21T14:00:00.000Z,0,0,,,,
676,2024-09-21T16:30:00.000Z,0,0,,,,
677,2024-09-22T13:00:00.000Z,0,0,,,,
678,2024-09-22T15:30:00.000Z,0,0,,,,
679,2024-09-28T11:30:00.000Z,0,0,,,,
680,2024-09-28T14:00:00.000Z,0,0,,,,
681,2024-09-28T14:00:00.000Z,0,0,,,,
682,2024-09-28T14:00:00.000Z,0,0,,,,
683,2024-09-28T14:00:00.000Z,0,0,,,,
684,2024-09-28T14:00:00.000Z,0,0,,,,
685,2024-09-28T16:30:00.000Z,0,0,,,,
686,2024-09-29T13:00:00.000Z,0,0,,,,
687,2024-09-29T15:30:00.000Z,0,0,,,,
688,2024-09-30T19:00:00.000Z,0,0,,,,
689,2024-10-05T11:30:00.000Z,0,0,,,,
690,2024-10-05T14:00:00.000Z,0,0,,,,
691,2024-10-05T14:00:00.000Z,0,0,,,,
692,2024-10-05T14:00:00.000Z,0,0,,,,
693,2024-10-05T14:00:00.000Z,0,0,,,,
694,2024-10-05T14:00:00.000Z,0,0,,,,
695,2024-10-05T16:30:00.000Z,0,0,,,,
696,2024-10-06T13:00:00.000Z,0,0,,,,
697,2024-10-06T13:00:00.000Z,0,0,,,,
698,2024-10-06T15:30:00.000Z,0,0,,,,
699,2024-10-19T11:30:00.000Z,0,0,,,,
700,2024-10-19T14:00:00.000Z,0,0,,,,
701,2024-10-19T14:00:00.000Z,0,0,,,,
702,2024-10-19T14:00:00.000Z,0,0,,,,
703,2024-10-19T14:00:00.000Z,0,0,,,,
704,2024-10-19T14:00:00.000Z,0,0,,,,
705,2024-10-19T16:30:00.000Z,0,0,,,,
706,2024-10-20T13:00:00.000Z,0,0,,,,
707,2024-10-20T15:30:00.000Z,0,0,,,,
708,2024-10-21T19:00:00.000Z,0,0,,,,
709,2024-10-25T19:00:00.000Z,0,0,,,,
710,2024-10-26T14:00:00.000Z,0,0,,,,
711,2024-10-26T14:00:00.000Z,0,0,,,,
712,2024-10-26T14:00:00.000Z,0,0,,,,
713,2024-10-26T14:00:00.000Z,0,0,,,,
714,2024-10-26T16:30:00.000Z,0,0,,,,
715,2024-10-27T13:00:00.000Z,0,0,,,,
716,2024-10-27T13:00:00.000Z,0,0,,,,
717,2024-10-27T13:00:00.000Z,0,0,,,,
718,2024-10-27T15:30:00.000Z,0,0,,,,
719,2024-11-02T12:30:00.000Z,0,0,,,,
720,2024-11-02T15:00:00.000Z,0,0,,,,
721,2024-11-02T15:00:00.000Z,0,0,,,,
722,2024-11-02T15:00:00.000Z,0,0,,,,
723,2024-11-02T15:00:00.000Z,0,0,,,,
724,2024-11-02T15:00:00.000Z,0,0,,,,
725,2024-11-02T17:30:00.000Z,0,0,,,,
726,2024-11-03T14:00:00.000Z,0,0,,,,
727,2024-11-03T16:30:00.000Z,0,0,,,,
728,2024-11-04T20:00:00.000Z,0,0,,,,
729,2024-11-09T15:00:00.000Z,0,0,,,,
730,2024-11-09T15:00:00.000Z,0,0,,,,
731,2024-11-09T15:00:00.000Z,0,0,,,,
732,2024-11-09T15:00:00.000Z,0,0,,,,
733,2024-11-09T17:30:00.000Z,0,0,,,,
734,2024-11-09T20:00:00.000Z,0,0,,,,
735,2024-11-10T14:00:00.000Z,0,0,,,,
736,2024-11-10T14:00:00.000Z,0,0,,,,
737,2024-11-10T14:00:00.000Z,0,0,,,,
738,2024-11-10T16:30:00.000Z,0,0,,,,
739,2024-11-23T12:30:00.000Z,0,0,,,,
740,2024-11-23T15:00:00.000Z,0,0,,,,
741,2024-11-23T15:00:00.000Z,0,0,,,,
742,2024-11-23T15:00:00.000Z,0,0,,,,
743,2024-11-23T15:00:00.000Z,0,0,,,,
744,2024-11-23T15:00:00.000Z,0,0,,,,
745,2024-11-23T17:30:00.000Z,0,0,,,,
746,2024-11-24T14:00:00.000Z,0,0,,,,
747,2024-11-24T16:30:00.000Z,0,0,,,,
748,2024-11-25T20:00:00.000Z,0,0,,,,
749,2024-11-29T20:00:00.000Z,0,0,,,,
750,2024-11-30T15:00:00.000Z,0,0,,,,
751,2024-11-30T15:00:00.000Z,0,0,,,,
752,2024-11-30T15:00:00.000Z,0,0,,,,
753,2024-11-30T15:00:00.000Z,0,0,,,,
754,2024-11-30T17:30:00.000Z,0,0,,,,
755,2024-12-01T13:30:00.000Z,0,0,,,,
756,2024-12-01T13:30:00.000Z,0,0,,,,
757,2024-12-01T13:30:00.000Z,0,0,,,,
758,2024-12-01T16:00:00.000Z,0,0,,,,
759,2024-12-03T19:30:00.000Z,0,0,,,,
760,2024-12-03T20:15:00.000Z,0,0,,,,
761,2024-12-04T19:30:00.000Z,0,0,,,,
762,2024-12-04T19:30:00.000Z,0,0,,,,
763,2024-12-04T19:30:00.000Z,0,0,,,,
764,2024-12-04T19:30:00.000Z,0,0,,,,
765,2024-12-04T20:15:00.000Z,0,0,,,,
766,2024-12-04T20:15:00.000Z,0,0,,,,
767,2024-12-05T19:30:00.000Z,0,0,,,,
768,2024-12-05T20:15:00.000Z,0,0,,,,
769,2024-12-07T15:00:00.000Z,0,0,,,,
770,2024-12-07T15:00:00.000Z,0,0,,,,
771,2024-12-07T15:00:00.000Z,0,0,,,,
772,2024-12-07T17:30:00.000Z,0,0,,,,
773,2024-12-08T14:00:00.000Z,0,0,,,,
774,2024-12-08T14:00:00.000Z,0,0,,,,
775,2024-12-08T14:00:00.000Z,0,0,,,,
776,2024-12-08T16:30:00.000Z,0,0,,,,
777,2024-12-09T20:00:00.000Z,0,0,,,,
778,2024-12-14T15:00:00.000Z,0,0,,,,
779,2024-12-14T15:00:00.000Z,0,0,,,,
780,2024-12-14T15:00:00.000Z,0,0,,,,
781,2024-12-14T15:00:00.000Z,0,0,,,,
782,2024-12-14T17:30:00.000Z,0,0,,,,
783,2024-12-15T14:00:00.000Z,0,0,,,,
784,2024-12-15T16:30:00.000Z,0,0,,,,
785,2024-12-15T19:00:00.000Z,0,0,,,,
786,2024-12-15T19:00:00.000Z,0,0,,,,
787,2024-12-16T20:00:00.000Z,0,0,,,,
788,2024-12-21T12:30:00.000Z,0,0,,,,
789,2024-12-21T15:00:00.000Z,0,0,,,,
790,2024-12-21T15:00:00.000Z,0,0,,,,
791,2024-12-21T15:00:00.000Z,0,0,,,,
792,2024-12-21T17:30:00.000Z,0,0,,,,
793,2024-12-22T14:00:00.000Z,0,0,,,,
794,2024-12-22T14:00:00.000Z,0,0,,,,
795,2024-12-22T14:00:00.000Z,0,0,,,,
796,2024-12-22T14:00:00.000Z,0,0,,,,
797,2024-12-22T16:30:00.000Z,0,0,,,,
798,2024-12-26T12:30:00.000Z,0,0,,,,
799,2024-12-26T15:00:00.000Z,0,0,,,,
800,2024-12-26T15:00:00.000Z,0,0,,,,
801,2024-12-26T15:00:00.000Z,0,0,,,,
802,2024-12-26T15:00:00.000Z,0,0,,,,
803,2024-12-26T15:00:00.000Z,0,0,,,,
804,2024-12-26T17:30:00.000Z,0,0,,,,
805,2024-12-26T20:00:00.000Z,0,0,,,,
806,2024-12-27T19:30:00.000Z,0,0,,,,
807,2024-12-27T20:15:00.000Z,0,0,,,,
808,2024-12-29T14:30:00.000Z,0,0,,,,
809,2024-12-29T15:00:00.000Z,0,0,,,,
810,2024-12-29T15:00:00.000Z,0,0,,,,
811,2024-12-29T15:00:00.000Z,0,0,,,,
812,2024-12-29T15:00:00.000Z,0,0,,,,
813,2024-12-29T17:15:00.000Z,0,0,,,,
814,2024-12-30T19:45:00.000Z,0,0,,,,
815,2024-12-30T19:45:00.000Z,0,0,,,,
816,2024-12-30T20:00:00.000Z,0,0,,,,
